{"cameraMode":{"drawMode":0,"name":"Shaded","section":"Shading Mode"},"sceneLighting":true,"audioPlay":false,"sceneViewState":{"m_AlwaysRefresh":false,"showFog":true,"showSkybox":true,"showFlares":true,"showImageEffects":true,"showParticleSystems":true,"showVisualEffectGraphs":true,"m_FxEnabled":true},"in2DMode":false,"pivot":{"x":0.21897780895233155,"y":0.24977058172225953,"z":-0.050911784172058108},"rotation":{"x":0.0033094282262027265,"y":0.002994439797475934,"z":-0.000010888931683439296,"w":0.9999954104423523},"size":3.295823574066162,"orthographic":false}